<?xml version="1.0" encoding="UTF-8"?>
<project-private xmlns="http://www.netbeans.org/ns/project-private/1">
    <editor-bookmarks xmlns="http://www.netbeans.org/ns/editor-bookmarks/2" lastBookmarkId="0"/>
    <open-files xmlns="http://www.netbeans.org/ns/projectui-open-files/2">
        <group>
            <file>file:/C:/Users/mattk/OneDrive/Documents/NetBeansProjects/CS420Lab1KJonesMBrown/src/lab1/Main2.java</file>
            <file>file:/C:/Users/mattk/OneDrive/Documents/NetBeansProjects/CS420Lab1KJonesMBrown/src/lab1/Trekkie.java</file>
            <file>file:/C:/Users/mattk/OneDrive/Documents/NetBeansProjects/CS420Lab1KJonesMBrown/src/lab1/GamerGeek.java</file>
            <file>file:/C:/Users/mattk/OneDrive/Documents/NetBeansProjects/CS420Lab1KJonesMBrown/src/lab1/CosPlayTrekkie.java</file>
            <file>file:/C:/Users/mattk/OneDrive/Documents/NetBeansProjects/CS420Lab1KJonesMBrown/src/lab1/Main.java</file>
            <file>file:/C:/Users/mattk/OneDrive/Documents/NetBeansProjects/CS420Lab1KJonesMBrown/src/lab1/GenericNerd.java</file>
        </group>
    </open-files>
</project-private>
